name,dob,height_cm,reach_cm,stance,prior_wins,prior_losses
Ulric Emberly,1993-06-24,182.2,181.0,Orthodox,4,4
Hollis Harrowgate,1991-05-11,186.3,186.1,Orthodox,12,1
Galen Stonebridge,1991-11-22,184.9,186.5,Orthodox,9,2
Pax Ambrose,1995-06-01,181.4,183.7,Orthodox,9,1
Faris Northcott,1996-09-05,177.4,180.6,Southpaw,8,3
Emrys Blackthorn,1990-06-14,169.9,173.3,Orthodox,11,0
Nilo Zeller,1994-06-12,169.1,171.1,Orthodox,10,2
Yusuf Harrowgate,1995-09-04,179.2,180.4,Orthodox,6,4
Dario Oakhurst,1988-12-08,187.7,186.3,Orthodox,6,0
Vale Thornbury,1996-07-23,177.6,181.3,Orthodox,9,3
Hollis Dunmore,1989-05-23,172.6,174.4,Orthodox,12,2
Jory Westbrook,1992-02-22,162.3,166.4,Southpaw,12,2
Orrin Thornbury,1989-09-23,182.1,185.4,Southpaw,8,3
Quill Greywind,1990-10-20,169.0,168.9,Switch,13,4
Aren Pellow,1988-11-06,169.3,174.1,Orthodox,5,3
Dov Marchbank,1990-05-05,187.8,188.5,Orthodox,9,1
Jasper Ravensworth,1995-11-08,186.1,187.1,Orthodox,8,4
Pax Zeller,1991-10-03,171.9,177.7,Southpaw,12,1
Idris Emberly,1992-04-27,177.0,177.0,Orthodox,12,4
Jasper Pellow,1989-12-22,168.8,176.5,Orthodox,13,4
Gideon Greywind,1990-10-19,168.7,174.4,Switch,11,1
Anselm Dunmore,1993-07-02,176.4,177.5,Orthodox,8,1
Dov Harrowgate,1990-04-24,175.3,182.2,Orthodox,5,2
Bodhi Kettleby,1992-01-18,178.7,184.5,Orthodox,8,2
Cato Delacroix-Venn,1990-01-08,181.2,183.6,Southpaw,5,2
Dario Ambrose,1990-11-03,193.1,190.6,Orthodox,9,4
Anselm Eastwick,1988-10-17,189.0,187.6,Southpaw,7,2
Cyrus Quarry,1990-12-25,181.6,185.3,Orthodox,14,3
Faris Ravensworth,1989-07-09,168.7,172.4,Switch,4,1
Aren Coldwater,1991-05-28,175.3,178.5,Orthodox,6,1
Rune Oakhurst,1996-12-31,176.7,173.1,Orthodox,8,4
Marek Harrowgate,1992-06-28,180.1,179.8,Orthodox,6,4
Yusuf Zeller,1994-02-05,184.4,184.7,Orthodox,6,4
Gideon Stonebridge,1989-07-08,177.7,183.1,Southpaw,5,3
Cyrus Ravensworth,1996-07-29,176.9,176.3,Orthodox,11,2
Emrys Crowhurst,1994-08-23,183.6,182.3,Switch,14,1
Emrys Thornbury,1995-09-15,181.5,184.8,Orthodox,8,4
Soren Oakhurst,1992-11-02,187.0,191.3,Orthodox,8,3
Nilo Eastwick,1988-07-10,185.2,182.6,Orthodox,7,3
Faris Marchbank,1996-10-22,180.3,179.5,Orthodox,10,0
Marek Westbrook,1996-12-04,187.3,185.0,Orthodox,4,2
Jory Harrowgate,1988-04-17,177.7,181.5,Southpaw,7,0
Dario Eastwick,1990-06-11,176.8,185.1,Orthodox,14,2
Zeke Underhill,1994-11-19,178.9,183.8,Orthodox,11,3
Ivo Ravensworth,1995-04-21,180.9,183.8,Orthodox,12,1
Yusuf Ironwood,1993-12-27,180.0,182.7,Orthodox,10,3
Brannoc Juniper,1989-05-24,187.4,186.3,Orthodox,12,3
Cyrus Harrowgate,1989-12-26,193.6,192.7,Orthodox,4,1
Orrin Stonebridge,1988-10-02,181.5,184.1,Orthodox,10,2
Orrin Ambrose,1991-08-16,179.5,183.2,Switch,14,2
Dario Ashgrove,1995-04-15,182.0,183.8,Orthodox,10,1
Aren Ambrose,1994-05-28,189.4,190.3,Orthodox,13,3
Lazlo Delacroix-Venn,1995-01-09,176.7,178.8,Orthodox,10,3
Ulric Yarrow,1996-01-06,183.1,186.6,Orthodox,11,1
Galen Ashgrove,1996-04-30,178.7,175.9,Orthodox,11,1
Xander Ravensworth,1988-10-03,181.8,178.0,Orthodox,4,2
Marek Yarrow,1996-06-19,183.3,182.1,Switch,13,0
Bodhi Brightwater,1994-12-05,190.4,196.9,Orthodox,8,1
Pax Kettleby,1989-04-13,181.3,186.4,Orthodox,6,3
Galen Coldwater,1994-08-25,185.2,189.8,Orthodox,14,0
Soren Juniper,1994-07-09,184.4,184.9,Orthodox,8,1
Gideon Quarry,1994-12-13,177.4,176.2,Orthodox,5,0
Marek Thornbury,1988-04-11,187.9,189.4,Southpaw,13,2
Nilo Blackthorn,1993-09-18,185.8,186.1,Orthodox,8,0
Evander Coldwater,1993-05-11,184.1,183.5,Orthodox,4,2
Wren Northcott,1993-04-14,193.6,189.8,Orthodox,10,4
Xander Oakhurst,1990-01-28,182.6,187.6,Southpaw,6,4
Kestrel Eastwick,1996-06-05,185.5,185.2,Southpaw,14,3
Fenn Delacroix-Venn,1990-08-15,181.8,190.5,Southpaw,12,1
Yusuf Longmire,1995-12-04,181.6,183.3,Orthodox,12,2
Anselm Juniper,1991-10-16,174.2,182.1,Orthodox,11,1
Evander Marchbank,1996-01-26,179.2,183.0,Orthodox,12,0
Dario Zeller,1992-06-30,190.1,193.6,Southpaw,6,1
Emrys Brightwater,1993-11-16,195.8,196.8,Orthodox,12,1
Ulric Longmire,1996-09-13,188.9,197.2,Orthodox,9,3
Jasper Quarry,1991-10-24,200.8,203.5,Orthodox,5,3
Orrin Fairholt,1991-06-30,189.8,189.3,Orthodox,7,1
Soren Thornbury,1991-05-27,186.9,190.0,Orthodox,12,1
Anselm Stonebridge,1994-04-28,185.4,184.7,Orthodox,14,2
Zeke Ambrose,1994-08-27,180.2,187.1,Orthodox,4,0
Idris Ashgrove,1993-05-18,202.4,199.1,Orthodox,14,3
Lazlo Quarry,1994-04-01,200.3,201.0,Southpaw,11,1
Orrin Dunmore,1994-09-06,187.9,198.5,Southpaw,12,2
Soren Underhill,1988-09-04,188.0,196.1,Orthodox,10,2
Pax Marchbank,1988-11-12,182.8,188.4,Switch,13,2
Nilo Marchbank,1991-06-06,186.3,193.4,Orthodox,14,0
Emrys Yarrow,1996-08-12,189.3,191.2,Switch,7,1
Nilo Dunmore,1996-09-23,198.1,198.1,Orthodox,8,2
Vale Northcott,1994-09-07,191.2,192.4,Southpaw,10,0
Brannoc Quarry,1990-01-28,190.2,189.3,Orthodox,4,0
Wren Pellow,1996-03-03,192.9,197.0,Orthodox,7,3
Kestrel Dunmore,1988-08-01,168.6,175.7,Orthodox,10,0
Xander Greywind,1994-04-21,189.8,188.1,Switch,4,2
Ulric Quarry,1995-08-20,183.4,186.7,Orthodox,7,4
Marek Ironwood,1994-04-27,188.4,192.6,Orthodox,5,1
Galen Greywind,1993-07-29,193.5,193.3,Orthodox,10,3
Orrin Quarry,1988-03-16,192.7,194.8,Southpaw,7,4
Orrin Varga,1995-05-26,181.6,187.5,Orthodox,11,3
Bodhi Thornbury,1989-04-22,185.0,185.6,Southpaw,7,1
Marek Quarry,1993-11-24,184.5,187.7,Orthodox,14,1
Zeke Quarry,1990-03-03,192.4,195.7,Orthodox,9,4
Quill Dunmore,1995-01-05,192.7,196.7,Orthodox,14,1
Evander Underhill,1991-12-22,196.6,195.5,Orthodox,11,2
Orrin Ironwood,1990-09-11,193.1,198.5,Orthodox,13,0
Xander Emberly,1988-09-03,197.4,199.8,Southpaw,5,2
Quill Thornbury,1996-02-13,188.2,191.9,Orthodox,5,4
Tamsin Greywind,1992-08-01,199.7,199.4,Orthodox,11,3
Faris Harrowgate,1992-07-19,193.1,191.4,Southpaw,14,0
Lazlo Underhill,1993-10-15,193.8,197.5,Southpaw,7,3
Ivo Kettleby,1996-03-07,187.8,191.3,Orthodox,9,3
Zeke Kettleby,1992-07-01,175.1,182.4,Orthodox,4,3
Jasper Delacroix-Venn,1993-05-18,198.0,194.1,Orthodox,10,4
Jory Underhill,1990-12-20,192.6,197.5,Orthodox,5,0
Xander Crowhurst,1989-08-18,188.7,192.4,Orthodox,13,4
Cato Brightwater,1995-12-18,183.3,186.0,Orthodox,10,4
Evander Greywind,1988-12-20,190.9,195.4,Orthodox,13,1
Cyrus Yarrow,1990-05-03,187.8,190.5,Orthodox,8,0
Cato Ashgrove,1996-06-27,189.8,193.3,Orthodox,13,3
Evander Varga,1995-07-15,200.8,205.2,Orthodox,9,2
Rune Blackthorn,1991-06-09,193.9,198.2,Southpaw,7,3
Yusuf Varga,1993-08-24,195.3,196.5,Orthodox,8,1
Jory Ironwood,1988-04-03,180.8,187.7,Orthodox,7,2
Dario Varga,1993-06-22,201.2,201.9,Orthodox,12,2
Hale Kettleby,1992-09-28,195.0,197.2,Orthodox,4,3
Galen Longmire,1991-05-04,201.1,199.7,Orthodox,13,1
Quill Eastwick,1990-01-08,200.5,204.1,Southpaw,4,0
Jasper Longmire,1989-03-13,209.0,206.4,Orthodox,14,0
Gideon Marchbank,1995-05-23,190.6,193.5,Southpaw,4,2
Gideon Westbrook,1990-05-18,190.9,193.7,Orthodox,11,2
Xander Ironwood,1993-07-10,189.8,192.1,Southpaw,7,0
Xander Delacroix-Venn,1990-04-17,205.7,207.0,Orthodox,9,1
Vale Harrowgate,1990-05-29,179.1,186.0,Orthodox,6,2
Faris Dunmore,1994-03-03,200.4,206.4,Orthodox,7,2
Brannoc Ironwood,1988-01-19,190.0,199.4,Southpaw,9,4
Ivo Oakhurst,1997-01-06,190.1,192.8,Orthodox,6,1
Fenn Brightwater,1996-03-31,188.3,192.0,Orthodox,12,3
Dario Quarry,1989-09-26,201.5,201.5,Orthodox,9,0
Kestrel Westbrook,1993-09-10,197.4,202.1,Orthodox,10,4
Dario Juniper,1989-03-06,189.5,190.0,Orthodox,8,4
Bodhi Ashgrove,1996-03-01,193.9,196.3,Orthodox,4,2
Hollis Oakhurst,1992-08-03,191.4,195.5,Orthodox,6,0
Yusuf Westbrook,1993-04-01,194.8,191.0,Switch,9,3
Jasper Blackthorn,1994-02-09,193.1,194.0,Southpaw,14,0
Orrin Emberly,1993-03-31,199.7,201.5,Orthodox,13,2
Marek Varga,1995-09-18,178.9,173.0,Southpaw,10,0
Pax Ravensworth,1992-10-24,184.0,185.0,Orthodox,6,0
Zeke Brightwater,1992-11-25,195.0,194.1,Orthodox,9,0
Bodhi Delacroix-Venn,1989-07-26,211.7,207.6,Orthodox,14,2
Galen Thornbury,1989-12-07,185.9,189.6,Orthodox,9,2
Bodhi Northcott,1989-01-16,193.9,195.9,Orthodox,8,3
Lazlo Yarrow,1989-07-17,177.7,179.3,Orthodox,6,2
Jasper Ambrose,1989-08-24,174.1,177.6,Orthodox,12,4
Anselm Quarry,1995-04-11,190.3,186.1,Southpaw,7,1
Evander Ravensworth,1994-07-20,185.3,186.4,Orthodox,4,4
Ulric Underhill,1989-11-07,171.9,175.1,Southpaw,11,0
Orrin Harrowgate,1994-09-08,192.3,192.5,Orthodox,4,0
Rune Ambrose,1991-01-12,189.6,190.0,Orthodox,13,3
Xander Thornbury,1995-07-04,177.0,181.1,Orthodox,10,1
Wren Harrowgate,1990-08-06,181.6,186.0,Southpaw,12,4
Fenn Marchbank,1989-05-10,183.6,182.5,Orthodox,5,2
Dov Brightwater,1997-10-22,193.6,192.8,Orthodox,8,0
Ulric Ambrose,1997-04-19,195.3,195.4,Orthodox,7,1
Nilo Underhill,1993-04-29,186.1,192.5,Orthodox,6,1
Pax Greywind,1995-02-03,161.4,170.9,Orthodox,8,1
Orrin Zeller,1997-07-29,181.2,186.3,Orthodox,14,1
Hollis Zeller,1990-04-20,191.8,192.3,Orthodox,5,2
Rune Dunmore,1997-04-03,184.9,184.9,Southpaw,11,4
Vale Delacroix-Venn,1993-12-31,194.4,198.4,Southpaw,8,0
Orrin Coldwater,1994-07-06,194.3,198.4,Southpaw,7,4
Vale Ashgrove,1995-10-02,180.7,184.5,Orthodox,9,3
Nilo Thornbury,1994-11-17,196.4,195.9,Orthodox,10,0
Dov Thornbury,1991-02-18,187.0,193.7,Southpaw,7,4
Anselm Northcott,1996-05-25,194.7,196.0,Orthodox,7,1
Hollis Ashgrove,1992-03-12,192.2,195.2,Orthodox,5,0
Zeke Juniper,1990-09-08,170.9,170.7,Orthodox,6,2
Fenn Stonebridge,1993-01-26,176.8,177.6,Orthodox,9,4
Marek Zeller,1996-10-23,180.2,185.2,Orthodox,8,1
Hollis Pellow,1998-06-16,180.7,185.2,Orthodox,11,1
Ulric Westbrook,1992-11-14,181.1,186.1,Orthodox,12,0
Pax Yarrow,1990-06-13,186.3,189.6,Orthodox,7,1
Hollis Kettleby,1996-03-19,183.8,188.0,Orthodox,7,3
Kestrel Yarrow,1993-02-25,181.5,182.8,Orthodox,8,3
Cato Eastwick,1991-02-20,193.0,192.9,Orthodox,4,1
Emrys Ironwood,1995-10-02,175.6,178.8,Orthodox,5,0
Ulric Crowhurst,1997-12-11,184.4,188.3,Orthodox,13,4
Wren Oakhurst,1991-12-04,204.4,203.6,Orthodox,8,3
Marek Crowhurst,1993-11-27,174.1,178.9,Orthodox,11,3
Cyrus Coldwater,1997-06-15,191.8,195.7,Southpaw,13,3
Soren Ironwood,1990-04-24,197.6,200.2,Orthodox,8,3
Ivo Ashgrove,1996-11-04,167.9,171.1,Orthodox,7,3
Marek Eastwick,1996-03-14,183.4,184.9,Orthodox,8,1
Hale Oakhurst,1994-02-02,198.1,200.0,Orthodox,10,3
Zeke Thornbury,1997-09-01,175.3,180.6,Southpaw,5,4
Tamsin Westbrook,1997-05-26,187.2,189.6,Orthodox,13,3
Gideon Harrowgate,1998-06-10,176.8,179.0,Orthodox,7,1
Jory Dunmore,1993-05-30,197.0,197.9,Orthodox,9,4
Jasper Ashgrove,1999-02-07,176.0,178.4,Orthodox,9,0
Marek Ambrose,1996-07-25,170.7,180.6,Orthodox,12,0
Wren Westbrook,1991-07-05,188.2,188.9,Orthodox,9,1
Dario Underhill,1992-12-16,181.8,189.1,Orthodox,6,3
Quill Oakhurst,1993-08-15,187.1,190.6,Switch,7,3
Xander Westbrook,1994-01-14,186.4,188.0,Southpaw,7,4
Jory Fairholt,1992-03-03,191.0,193.3,Orthodox,9,0
Idris Northcott,1992-10-20,194.7,191.9,Orthodox,13,3
Hale Stonebridge,1996-07-12,197.3,200.7,Orthodox,14,2
Marek Longmire,1996-08-12,205.4,205.6,Orthodox,11,2
Brannoc Crowhurst,1999-02-06,184.0,183.6,Southpaw,4,4
Aren Greywind,1998-11-11,187.3,190.0,Orthodox,5,3
Nilo Ravensworth,1997-02-01,192.8,196.4,Orthodox,4,1
Soren Zeller,1994-12-13,186.5,191.0,Orthodox,5,0
Ulric Thornbury,1998-05-24,185.7,186.4,Orthodox,11,3
Lazlo Stonebridge,1999-12-06,204.1,202.4,Orthodox,12,1
Gideon Eastwick,1997-10-25,175.7,181.7,Orthodox,9,1
Gideon Yarrow,1994-04-09,176.7,177.1,Orthodox,7,4
Galen Kettleby,1996-03-29,185.1,185.3,Orthodox,11,1
Tamsin Emberly,1993-06-16,188.1,190.0,Southpaw,13,3
Jory Crowhurst,1998-06-17,189.5,194.1,Orthodox,6,2
Hale Zeller,1996-12-20,187.2,189.1,Orthodox,8,1
Zeke Delacroix-Venn,1998-06-30,184.1,178.6,Orthodox,9,4
Emrys Greywind,1997-06-14,197.2,201.6,Orthodox,12,2
Evander Dunmore,1998-01-17,195.2,194.5,Orthodox,7,4
Ivo Delacroix-Venn,1995-03-24,184.8,186.6,Orthodox,10,1
Dario Coldwater,1995-02-16,190.7,190.3,Orthodox,8,1
Hale Thornbury,1999-08-09,193.9,195.3,Southpaw,12,3
Brannoc Kettleby,1997-02-20,173.1,176.3,Orthodox,9,4
Kestrel Ironwood,1993-05-12,190.6,188.6,Southpaw,4,1
Jory Varga,1993-07-26,175.1,175.0,Southpaw,4,4
Cato Underhill,2000-05-29,188.9,194.1,Orthodox,9,3
Wren Crowhurst,1994-09-16,187.1,189.4,Orthodox,12,2
Jory Kettleby,1998-09-22,197.7,199.5,Orthodox,10,3
Anselm Ironwood,1996-02-03,175.6,179.5,Orthodox,13,4
Wren Juniper,1997-10-15,180.2,182.7,Southpaw,12,4
Rune Thornbury,1998-06-25,178.4,179.9,Orthodox,5,1
Rune Northcott,1998-11-11,186.2,188.0,Orthodox,11,4
Idris Dunmore,1993-02-22,182.0,184.0,Orthodox,6,1
Zeke Blackthorn,1999-01-23,192.2,197.1,Southpaw,12,3
Brannoc Oakhurst,2000-11-21,189.3,184.9,Switch,13,0
Zeke Fairholt,2000-03-22,192.2,195.4,Orthodox,9,2
Vale Quarry,1992-11-12,194.3,193.3,Orthodox,8,0
Cato Oakhurst,1998-10-11,179.8,180.4,Switch,13,3
Ivo Greywind,1996-02-21,180.7,188.1,Southpaw,9,1
Marek Ashgrove,1997-12-04,193.6,197.3,Orthodox,8,0
Dov Ambrose,1993-12-28,183.5,183.6,Southpaw,7,0
Pax Juniper,1998-12-24,179.0,180.9,Orthodox,7,1
Idris Blackthorn,1993-07-15,186.3,188.6,Switch,14,3
Marek Marchbank,1996-06-14,191.0,190.0,Southpaw,12,1
Bodhi Eastwick,1994-01-15,192.5,191.7,Orthodox,11,2
Faris Greywind,1999-03-11,197.9,201.0,Orthodox,13,0
Lazlo Greywind,2000-04-29,191.1,192.9,Orthodox,4,0
Fenn Eastwick,2000-12-12,194.2,196.4,Southpaw,7,0
Soren Kettleby,2001-08-15,190.7,191.6,Switch,9,2
Bodhi Harrowgate,1995-06-17,184.6,192.6,Switch,9,2
Jory Blackthorn,1998-03-10,188.0,186.6,Orthodox,7,4
Emrys Eastwick,2001-08-26,185.1,185.9,Orthodox,10,4
Ivo Stonebridge,2001-10-09,178.4,180.4,Southpaw,12,1
Evander Eastwick,1993-06-03,196.9,202.0,Orthodox,14,3
Rune Underhill,1996-05-25,179.5,184.5,Orthodox,5,2
Kestrel Oakhurst,1995-06-21,169.6,172.9,Southpaw,10,3
Hollis Westbrook,1998-01-06,187.0,191.1,Orthodox,13,3
Gideon Blackthorn,2000-07-03,176.2,173.9,Orthodox,12,3
Idris Crowhurst,1995-08-07,190.9,192.5,Orthodox,14,1
Orrin Longmire,1997-10-13,184.6,184.6,Orthodox,13,4
Jasper Brightwater,2001-11-21,193.2,191.9,Orthodox,4,1
Jory Marchbank,1997-06-23,190.8,190.4,Southpaw,5,2
Ivo Dunmore,1995-12-11,192.7,191.1,Orthodox,14,0
Zeke Harrowgate,1994-06-06,174.5,176.8,Orthodox,12,2
Idris Zeller,2000-06-22,194.6,197.9,Orthodox,13,4
Cato Harrowgate,2000-11-29,187.2,184.8,Orthodox,11,2
Quill Ambrose,1998-05-14,190.7,190.1,Orthodox,12,0
Brannoc Ravensworth,1998-03-03,198.7,200.2,Southpaw,8,0
Wren Ironwood,2002-01-30,203.1,200.8,Orthodox,4,2
Ulric Ashgrove,1994-07-31,188.7,192.6,Orthodox,13,3
Vale Varga,2001-10-21,175.4,182.2,Southpaw,7,0
Bodhi Greywind,2001-06-03,173.0,180.0,Orthodox,13,2
Dario Delacroix-Venn,1999-02-06,185.6,190.9,Switch,10,4
Hollis Quarry,1994-05-30,188.0,191.1,Orthodox,12,0
Marek Fairholt,1996-09-23,188.4,189.7,Orthodox,10,1
Ivo Brightwater,1998-10-18,192.8,191.8,Orthodox,9,1
Lazlo Crowhurst,1999-02-15,177.0,181.9,Orthodox,14,0
Ivo Zeller,1999-09-22,193.9,194.9,Orthodox,14,3
Dov Northcott,1994-12-17,188.9,193.6,Orthodox,7,2
Cyrus Greywind,2002-10-22,178.0,179.5,Orthodox,6,1
Fenn Juniper,1994-05-03,177.5,180.2,Southpaw,9,3
Vale Crowhurst,1995-12-21,188.6,189.1,Orthodox,11,0
Faris Quarry,1998-05-25,178.3,180.4,Orthodox,14,4
Rune Coldwater,1997-11-09,191.7,197.9,Orthodox,14,0
Evander Westbrook,1996-12-20,182.0,181.4,Orthodox,14,1
Dario Westbrook,2002-06-22,194.4,194.4,Orthodox,4,3
Orrin Eastwick,2000-10-30,190.5,193.9,Southpaw,13,4
Wren Brightwater,2000-04-28,180.9,188.6,Orthodox,7,1
Wren Stonebridge,2003-04-24,187.3,189.5,Orthodox,9,4
Wren Quarry,1997-08-17,169.2,174.4,Orthodox,7,0
Aren Thornbury,1997-07-28,200.0,198.2,Southpaw,4,4
Hale Varga,2000-07-18,207.0,205.9,Orthodox,8,4
Nilo Crowhurst,1998-04-10,174.7,177.9,Southpaw,6,4
Aren Northcott,1996-12-30,195.1,187.9,Orthodox,12,4
Vale Pellow,2003-02-13,199.1,199.3,Orthodox,8,4
